run.order,std.order,x1,x2,x3,Block
1,1,-1,-1,-1,1
2,2,1,-1,-1,1
3,3,-1,1,-1,1
4,4,1,1,-1,1
5,5,-1,-1,1,1
6,6,1,-1,1,1
7,7,-1,1,1,1
8,8,1,1,1,1
9,9,0,0,0,1
10,10,0,0,0,1
11,11,0,0,0,1
1,1,-1.8090680674665818,0,0,2
2,2,1.8090680674665818,0,0,2
3,3,0,-1.8090680674665818,0,2
4,4,0,1.8090680674665818,0,2
5,5,0,0,-1.8090680674665818,2
6,6,0,0,1.8090680674665818,2
7,7,0,0,0,2
8,8,0,0,0,2
9,9,0,0,0,2
